{
	"type": "lithostitched:jigsaw",
	"biomes": "#minecraft:has_structure/ruined_portal_swamp",
	"step": "surface_structures",
	"spawn_overrides": {
    "monster": {
      "bounding_box": "full",
      "spawns": []
    }
  },
	"terrain_adaptation": "beard_thin",
	"start_pool": "ctov:village/swamp_fortified/town_centers",
	"size": 6,
	"start_height": {
		"absolute": 0
	},
	"project_start_to_heightmap": "WORLD_SURFACE_WG",
	"max_distance_from_center": 80,
	"use_expansion_hack": true
}